City_ID,City,Country,Date,Lat,Lng,Max Temp,Humidity,Cloudiness,Wind Speed,Current Description
0,Bellevue,US,2022-04-03 19:30:25,47.6104,-122.2007,53.78,71,100,18.41,overcast clouds
1,Tasiilaq,GL,2022-04-03 19:34:22,65.6145,-37.6368,30.36,95,95,4.74,overcast clouds
2,Dingle,PH,2022-04-03 19:34:22,10.9995,122.6711,75.43,86,100,6.98,overcast clouds
3,Voh,NC,2022-04-03 19:34:23,-20.9667,164.7,78.17,92,100,4.81,overcast clouds
4,New Norfolk,AU,2022-04-03 19:34:23,-42.7826,147.0587,56.7,89,99,1.03,overcast clouds
5,Puerto Ayora,EC,2022-04-03 19:34:23,-0.7393,-90.3518,85.96,76,45,11.61,light rain
6,Sobolevo,RU,2022-04-03 19:34:24,54.4299,31.8996,26.94,86,100,8.43,overcast clouds
7,Modra,SK,2022-04-03 19:34:24,48.334,17.3071,35.46,48,0,8.05,clear sky
8,Srednekolymsk,RU,2022-04-03 19:34:09,67.45,153.6833,-18.94,100,95,1.5,overcast clouds
9,Salalah,OM,2022-04-03 19:34:25,17.0151,54.0924,80.69,83,0,0.0,clear sky
10,Shimoda,JP,2022-04-03 19:34:25,34.6667,138.95,49.1,91,100,18.07,moderate rain
11,Khatanga,RU,2022-04-03 19:34:25,71.9667,102.5,-29.15,100,99,4.09,overcast clouds
12,Butaritari,KI,2022-04-03 19:34:25,3.0707,172.7902,81.46,72,98,14.5,overcast clouds
13,Iaciara,BR,2022-04-03 19:34:26,-14.0958,-46.6317,87.58,35,15,4.5,few clouds
14,Ahipara,NZ,2022-04-03 19:34:26,-35.1667,173.1667,64.74,86,3,2.24,clear sky
15,Severo-Kurilsk,RU,2022-04-03 19:31:11,50.6789,156.125,30.2,87,23,11.59,few clouds
16,Tuktoyaktuk,CA,2022-04-03 19:34:27,69.4541,-133.0374,-20.2,69,20,2.3,few clouds
17,Lebu,CL,2022-04-03 19:34:27,-37.6167,-73.65,56.89,63,0,18.63,clear sky
18,Vardo,NO,2022-04-03 19:34:27,70.3705,31.1107,26.58,93,75,10.36,light shower snow
19,Kruisfontein,ZA,2022-04-03 19:34:28,-34.0033,24.7314,61.88,84,89,1.66,overcast clouds
20,Katsuura,JP,2022-04-03 19:34:28,35.1333,140.3,54.25,87,100,18.01,moderate rain
21,Dehui,CN,2022-04-03 19:34:28,44.5333,125.7,48.16,36,0,23.98,clear sky
22,Bluff,NZ,2022-04-03 19:34:29,-46.6,168.3333,56.23,75,98,12.28,overcast clouds
23,Punta Arenas,CL,2022-04-03 19:32:51,-53.15,-70.9167,41.11,87,40,23.02,light intensity shower rain
24,Acajutla,SV,2022-04-03 19:33:33,13.5928,-89.8275,85.91,64,19,9.26,few clouds
25,Jamestown,US,2022-04-03 19:31:03,42.097,-79.2353,33.53,75,100,9.22,overcast clouds
26,Qaanaaq,GL,2022-04-03 19:34:29,77.484,-69.3632,14.67,75,92,6.04,overcast clouds
27,Nazareno,MX,2022-04-03 19:34:30,25.3833,-103.4167,84.51,8,1,4.97,clear sky
28,Coquimbo,CL,2022-04-03 19:31:28,-29.9533,-71.3436,62.33,72,0,12.66,clear sky
29,Rikitea,PF,2022-04-03 19:34:30,-23.1203,-134.9692,76.71,66,56,10.27,broken clouds
30,Uthal,PK,2022-04-03 19:34:30,25.8072,66.6219,76.46,65,5,2.93,clear sky
31,Kodiak,US,2022-04-03 19:34:31,57.79,-152.4072,36.91,65,100,11.5,overcast clouds
32,Arcos,BR,2022-04-03 19:34:31,-20.2819,-45.5394,74.25,82,90,4.85,overcast clouds
33,Bethel,US,2022-04-03 19:31:05,41.3712,-73.414,42.89,88,100,0.0,light rain
34,Cape Town,ZA,2022-04-03 19:34:31,-33.9258,18.4232,65.12,80,0,13.8,clear sky
35,Gombong,ID,2022-04-03 19:34:32,-7.6072,109.5142,78.1,89,100,2.26,light rain
36,Karratha,AU,2022-04-03 19:34:32,-20.7377,116.8463,80.78,71,0,10.69,clear sky
37,Hilo,US,2022-04-03 19:34:32,19.7297,-155.09,78.53,76,100,6.91,heavy intensity rain
38,Tuy Hoa,VN,2022-04-03 19:30:55,13.0833,109.3,71.15,91,100,11.9,overcast clouds
39,Luderitz,NA,2022-04-03 19:34:33,-26.6481,15.1594,60.57,87,0,5.82,clear sky
40,Bredasdorp,ZA,2022-04-03 19:34:07,-34.5322,20.0403,61.47,88,56,2.28,broken clouds
41,Busselton,AU,2022-04-03 19:34:33,-33.65,115.3333,62.58,81,51,16.98,broken clouds
42,Ormara,PK,2022-04-03 19:34:34,25.2088,64.6357,77.5,68,2,4.45,clear sky
43,Hermanus,ZA,2022-04-03 19:34:09,-34.4187,19.2345,61.81,87,1,8.59,clear sky
44,Kano,NG,2022-04-03 19:32:13,12.0001,8.5167,85.89,25,0,0.0,clear sky
45,Hirtshals,DK,2022-04-03 19:35:34,57.5881,9.9592,42.31,90,100,27.27,overcast clouds
46,Kaitangata,NZ,2022-04-03 19:35:35,-46.2817,169.8464,47.16,94,92,5.17,overcast clouds
47,Arraial Do Cabo,BR,2022-04-03 19:35:35,-22.9661,-42.0278,82.36,74,40,12.66,scattered clouds
48,Kapaa,US,2022-04-03 19:35:35,22.0752,-159.319,78.19,77,40,20.71,scattered clouds
49,Albany,US,2022-04-03 19:30:54,42.6001,-73.9662,41.63,85,100,0.94,moderate rain
50,Yulara,AU,2022-04-03 19:35:36,-25.2406,130.9889,57.04,35,0,4.61,clear sky
51,Pisco,PE,2022-04-03 19:35:36,-13.7,-76.2167,73.45,64,0,18.41,clear sky
52,Victoria,HK,2022-04-03 19:34:07,22.2855,114.1577,65.25,65,0,13.0,clear sky
53,Mataura,NZ,2022-04-03 19:35:20,-46.1927,168.8643,46.13,95,98,2.01,overcast clouds
54,Hobart,AU,2022-04-03 19:31:27,-42.8794,147.3294,57.06,93,100,5.75,overcast clouds
55,Saint-Philippe,RE,2022-04-03 19:35:37,-21.3585,55.7679,74.79,91,100,13.73,heavy intensity rain
56,Provideniya,RU,2022-04-03 19:35:37,64.3833,-173.3,2.8,74,0,11.5,clear sky
57,Castro,BR,2022-04-03 19:35:37,-24.7911,-50.0119,71.73,80,69,4.59,broken clouds
58,Kavieng,PG,2022-04-03 19:35:38,-2.5744,150.7967,80.69,78,100,4.63,light rain
59,Ushuaia,AR,2022-04-03 19:30:39,-54.8,-68.3,38.86,81,40,31.07,light rain
60,Klaksvik,FO,2022-04-03 19:35:38,62.2266,-6.589,45.52,98,100,17.2,overcast clouds
61,Fairbanks,US,2022-04-03 19:35:39,64.8378,-147.7164,22.01,63,40,3.44,scattered clouds
62,Port Alfred,ZA,2022-04-03 19:35:39,-33.5906,26.891,68.18,91,98,3.0,overcast clouds
63,Trairi,BR,2022-04-03 19:33:52,-3.2778,-39.2689,78.3,90,36,8.75,scattered clouds
64,San Quintin,MX,2022-04-03 19:35:39,30.4833,-115.95,63.66,58,30,11.36,scattered clouds
65,Aksarka,RU,2022-04-03 19:31:00,66.5606,67.7975,13.64,84,100,11.48,overcast clouds
66,Hirara,JP,2022-04-03 19:35:40,24.8,125.2833,68.92,69,94,25.12,overcast clouds
67,Bras-Panon,RE,2022-04-03 19:35:40,-20.9967,55.6782,74.86,86,100,9.55,moderate rain
68,Mayo,US,2022-04-03 19:35:40,38.8876,-76.5119,58.39,45,75,17.27,broken clouds
69,Kanigoro,ID,2022-04-03 19:35:41,-8.13,112.219,71.42,95,28,2.95,scattered clouds
70,Vanimo,PG,2022-04-03 19:35:41,-2.6741,141.3028,77.31,87,100,2.48,overcast clouds
71,Timmins,CA,2022-04-03 19:35:15,48.4669,-81.3331,39.02,65,75,2.3,broken clouds
72,Bijie,CN,2022-04-03 19:35:42,27.3125,105.2942,49.44,69,100,3.02,overcast clouds
73,Georgetown,MY,2022-04-03 19:35:15,5.4112,100.3354,78.73,93,20,3.44,few clouds
74,Oranjemund,NA,2022-04-03 19:35:42,-28.55,16.4333,59.9,93,0,3.47,clear sky
75,San Carlos,VE,2022-04-03 19:35:42,9.6612,-68.5827,94.3,34,89,7.54,overcast clouds
76,Westport,US,2022-04-03 19:35:43,41.1415,-73.3579,44.91,92,100,5.75,overcast clouds
77,Changzhou,CN,2022-04-03 19:35:43,31.7833,119.9667,45.0,68,51,6.98,broken clouds
78,Whitehorse,CA,2022-04-03 19:35:43,60.7161,-135.0538,36.01,59,75,15.01,shower rain
79,Waingapu,ID,2022-04-03 19:35:44,-9.6567,120.2641,76.17,84,16,4.25,few clouds
80,Omsukchan,RU,2022-04-03 19:35:44,62.5333,155.8,-8.9,100,54,2.75,broken clouds
81,Yellowknife,CA,2022-04-03 19:35:36,62.456,-114.3525,19.42,68,75,17.27,broken clouds
82,Camopi,GF,2022-04-03 19:35:45,3.1655,-52.3158,73.85,98,100,3.29,overcast clouds
83,Lagoa,PT,2022-04-03 19:35:45,39.05,-27.9833,58.95,82,0,19.17,clear sky
84,Krasnoselkup,RU,2022-04-03 19:35:45,65.7,82.4667,-1.89,99,97,6.22,overcast clouds
85,San Cristobal,VE,2022-04-03 19:35:46,7.7669,-72.225,82.58,49,43,6.51,scattered clouds
86,Itarema,BR,2022-04-03 19:35:46,-2.9248,-39.9167,79.29,87,19,11.34,moderate rain
87,Udachnyy,RU,2022-04-03 19:35:10,66.4167,112.4,10.45,84,100,9.15,light snow
88,Gat,IL,2022-04-03 19:33:34,31.61,34.7642,72.39,50,100,6.15,overcast clouds
89,Dikson,RU,2022-04-03 19:36:10,73.5069,80.5464,-2.94,100,45,9.19,scattered clouds
90,Atuona,PF,2022-04-03 19:31:47,-9.8,-139.0333,79.95,72,83,21.14,broken clouds
91,Codrington,AU,2022-04-03 19:34:50,-38.2667,141.9667,58.39,85,100,5.39,overcast clouds
92,Metu,ET,2022-04-03 19:36:47,8.3,35.5833,62.51,73,63,2.84,broken clouds
93,Soe,ID,2022-04-03 19:36:47,-9.8607,124.284,63.27,89,16,3.53,few clouds
94,Victoria Point,AU,2022-04-03 19:36:48,-27.5833,153.3,70.16,97,55,3.87,broken clouds
95,Quatre Cocos,MU,2022-04-03 19:36:48,-20.2078,57.7625,80.1,79,21,13.09,few clouds
96,Warkworth,NZ,2022-04-03 19:36:48,-36.4,174.6667,63.91,84,26,1.28,scattered clouds
97,Aitape,PG,2022-04-03 19:36:49,-3.1374,142.3475,77.09,89,97,3.2,overcast clouds
98,Belmonte,BR,2022-04-03 19:36:49,-15.8631,-38.8828,80.98,72,3,8.05,clear sky
99,Praia,CV,2022-04-03 19:36:49,14.9215,-23.5087,73.94,60,20,13.8,few clouds
100,Ostersund,SE,2022-04-03 19:36:50,63.1792,14.6357,27.61,80,0,8.05,clear sky
101,Vaini,TO,2022-04-03 19:36:50,-21.2,-175.2,73.56,100,100,5.75,light intensity shower rain
102,Heinola,FI,2022-04-03 19:36:50,61.2056,26.0381,30.0,88,100,4.41,overcast clouds
103,Cortez,US,2022-04-03 19:36:50,37.3489,-108.5859,63.03,32,0,0.0,clear sky
104,Hithadhoo,MV,2022-04-03 19:36:51,-0.6,73.0833,83.03,69,53,4.81,broken clouds
105,Ribeira Grande,PT,2022-04-03 19:34:48,38.5167,-28.7,64.8,63,20,10.36,few clouds
106,Perevoz,RU,2022-04-03 19:36:51,55.5961,44.5446,27.14,98,100,5.91,overcast clouds
107,Helong,CN,2022-04-03 19:36:52,42.5397,128.9972,36.3,59,11,6.55,few clouds
108,Isabela,PH,2022-04-03 19:36:52,6.7085,121.9711,78.82,85,98,2.26,overcast clouds
109,Ekpoma,NG,2022-04-03 19:36:52,6.7421,6.139,78.94,71,79,8.99,broken clouds
110,Namie,JP,2022-04-03 19:36:53,37.4833,141.0,46.71,90,82,6.13,broken clouds
111,Yining,CN,2022-04-03 19:36:53,29.0361,114.5636,52.68,82,97,0.96,overcast clouds
112,Barrow,US,2022-04-03 19:36:53,71.2906,-156.7887,-7.58,71,40,16.11,mist
113,Bubaque,GW,2022-04-03 19:35:18,11.2833,-15.8333,75.2,71,35,22.77,scattered clouds
114,Cherskiy,RU,2022-04-03 19:33:46,68.75,161.3,-2.67,98,100,3.6,overcast clouds
115,East London,ZA,2022-04-03 19:36:54,-33.0153,27.9116,72.39,89,100,15.41,overcast clouds
116,Torbay,CA,2022-04-03 19:35:33,47.6666,-52.7314,41.88,71,20,35.68,few clouds
117,Longyearbyen,SJ,2022-04-03 19:36:54,78.2186,15.6401,6.64,56,20,18.41,few clouds
118,Leningradskiy,RU,2022-04-03 19:36:55,69.3833,178.4167,-17.82,100,95,2.51,overcast clouds
119,Aykhal,RU,2022-04-03 19:36:55,66.0,111.5,3.76,97,100,8.43,overcast clouds
120,Sao Filipe,CV,2022-04-03 19:36:55,14.8961,-24.4956,71.13,76,4,9.53,clear sky
121,Burns Lake,CA,2022-04-03 19:36:56,54.2331,-125.7533,36.82,46,99,11.72,overcast clouds
122,Nzega,RW,2022-04-03 19:36:56,-2.479,29.5564,55.06,94,10,4.76,clear sky
123,Lieksa,FI,2022-04-03 19:36:57,63.3167,30.0167,18.91,94,98,3.11,overcast clouds
124,Nikolskoye,RU,2022-04-03 19:36:57,59.7035,30.7861,30.7,96,35,2.95,scattered clouds
125,Lorengau,PG,2022-04-03 19:36:57,-2.0226,147.2712,80.06,77,100,0.92,overcast clouds
126,Jalu,LY,2022-04-03 19:36:57,29.0331,21.5482,78.8,13,9,11.14,clear sky
127,La Baule-Escoublac,FR,2022-04-03 19:36:58,47.2922,-2.364,44.26,63,0,6.91,clear sky
128,Ambilobe,MG,2022-04-03 19:36:58,-13.2,49.05,73.2,97,99,2.21,light rain
129,Mount Isa,AU,2022-04-03 19:36:58,-20.7333,139.5,74.97,25,100,4.61,light rain
130,Bauchi,NG,2022-04-03 19:36:59,10.5,10.0,82.69,7,100,4.05,overcast clouds
131,Dvorichna,UA,2022-04-03 19:36:59,49.8496,37.6857,39.02,96,100,8.32,overcast clouds
132,Khandbari,NP,2022-04-03 19:37:59,27.3747,87.2039,68.23,80,93,2.26,overcast clouds
133,Qaqortoq,GL,2022-04-03 19:38:00,60.7167,-46.0333,41.94,74,100,2.24,overcast clouds
134,Kombissiri,BF,2022-04-03 19:38:00,12.0656,-1.3375,94.98,42,100,12.35,overcast clouds
135,Yalutorovsk,RU,2022-04-03 19:34:29,56.6536,66.3006,37.49,90,100,14.25,overcast clouds
136,Soverato,IT,2022-04-03 19:38:00,38.685,16.5499,50.16,81,100,7.4,overcast clouds
137,Sangmelima,CM,2022-04-03 19:38:01,2.9333,11.9833,71.11,86,90,3.83,overcast clouds
138,Sahuaripa,MX,2022-04-03 19:38:01,29.05,-109.2333,89.46,10,52,12.46,broken clouds
139,Kavaratti,IN,2022-04-03 19:37:49,10.5669,72.642,82.31,72,71,7.0,broken clouds
140,Avarua,CK,2022-04-03 19:38:02,-21.2078,-159.775,77.05,94,20,2.3,few clouds
141,Kedrovyy,RU,2022-04-03 19:38:02,56.1667,91.8167,21.61,96,100,3.13,overcast clouds
142,Geraldton,AU,2022-04-03 19:38:02,-28.7667,114.6,72.01,88,75,14.97,broken clouds
143,Puerto Escondido,MX,2022-04-03 19:38:03,15.85,-97.0667,85.03,74,0,9.22,clear sky
144,Bengkulu,ID,2022-04-03 19:38:03,-3.8004,102.2655,76.93,82,100,4.61,overcast clouds
145,Quesnel,CA,2022-04-03 19:38:03,52.9999,-122.5029,52.3,35,20,23.02,few clouds
146,Freeport,US,2022-04-03 19:37:28,40.6576,-73.5832,47.01,74,100,5.75,overcast clouds
147,Ilulissat,GL,2022-04-03 19:38:04,69.2167,-51.1,30.22,74,75,4.61,broken clouds
148,Broome,US,2022-04-03 19:38:04,42.2506,-75.833,40.86,81,100,16.11,overcast clouds
149,Hualmay,PE,2022-04-03 19:38:04,-11.0964,-77.6139,73.51,75,17,10.54,few clouds
150,Port Elizabeth,ZA,2022-04-03 19:38:05,-33.918,25.5701,64.09,95,0,8.05,clear sky
151,Airai,TL,2022-04-03 19:37:54,-8.9266,125.4092,56.95,77,20,1.16,few clouds
152,Narsaq,GL,2022-04-03 19:38:05,60.9167,-46.05,46.62,76,100,4.41,overcast clouds
153,Auki,SB,2022-04-03 19:38:05,-8.7676,160.7034,77.23,89,100,6.85,overcast clouds
154,Acapulco,MX,2022-04-03 19:37:41,16.8634,-99.8901,80.42,69,20,17.27,few clouds
155,Saldanha,ZA,2022-04-03 19:38:06,-33.0117,17.9442,59.05,80,0,3.85,clear sky
156,San Patricio,US,2022-04-03 19:38:06,28.017,-97.5169,87.17,43,0,14.03,clear sky
157,Norman Wells,CA,2022-04-03 19:37:21,65.282,-126.8329,-3.96,54,75,4.61,broken clouds
158,Waipawa,NZ,2022-04-03 19:38:07,-41.4122,175.5153,53.38,86,14,2.66,few clouds
159,Sao Miguel Do Araguaia,BR,2022-04-03 19:35:37,-13.275,-50.1628,84.31,60,20,4.43,few clouds
160,Grindavik,IS,2022-04-03 19:35:02,63.8424,-22.4338,41.47,93,75,20.71,broken clouds
161,Morehead,US,2022-04-03 19:38:07,37.2711,-87.1764,61.0,35,0,5.75,clear sky
162,Pampierstad,ZA,2022-04-03 19:38:07,-27.7832,24.6877,65.44,72,83,16.28,broken clouds
163,Chepareria,KE,2022-04-03 19:38:08,1.3077,35.2039,63.46,64,42,5.97,scattered clouds
164,Okha,RU,2022-04-03 19:38:08,53.5739,142.9478,30.27,86,93,9.51,overcast clouds
165,Horta,PT,2022-04-03 19:38:08,38.5333,-28.6333,64.04,63,20,10.36,few clouds
166,Vao,NC,2022-04-03 19:38:09,-22.6667,167.4833,79.11,87,88,19.28,overcast clouds
167,Carnarvon,AU,2022-04-03 19:38:09,-24.8667,113.6333,77.07,83,40,12.66,scattered clouds
168,Isangel,VU,2022-04-03 19:34:10,-19.55,169.2667,80.24,84,100,8.39,overcast clouds
169,Aborlan,PH,2022-04-03 19:38:10,9.4352,118.5492,78.28,86,100,8.95,overcast clouds
170,Pacific Grove,US,2022-04-03 19:33:26,36.6177,-121.9166,64.2,78,20,12.66,few clouds
171,Te Anau,NZ,2022-04-03 19:38:10,-45.4167,167.7167,46.22,75,69,0.94,broken clouds
172,Benghazi,LY,2022-04-03 19:33:40,32.1167,20.0667,66.2,58,0,15.77,clear sky
173,Manono,CD,2022-04-03 19:38:11,-7.3,27.4167,70.54,91,100,2.08,overcast clouds
174,Hay River,CA,2022-04-03 19:38:11,60.8156,-115.7999,35.58,44,40,14.97,scattered clouds
175,Ancud,CL,2022-04-03 19:38:11,-41.8697,-73.8203,50.23,67,81,8.99,broken clouds
176,Ballina,AU,2022-04-03 19:38:12,-28.8667,153.5667,64.78,96,100,6.91,light rain
177,Mayahi,NE,2022-04-03 19:38:12,13.9553,7.6712,86.67,5,100,6.82,overcast clouds
178,Campoverde,PE,2022-04-03 19:38:12,-8.4753,-74.8058,82.09,39,17,1.05,few clouds
179,Haines Junction,CA,2022-04-03 19:39:13,60.7522,-137.5108,33.75,64,100,0.0,overcast clouds
180,Bandarbeyla,SO,2022-04-03 19:39:13,9.4942,50.8122,79.29,75,94,4.45,overcast clouds
181,Souillac,MU,2022-04-03 19:36:06,-20.5167,57.5167,79.18,83,75,11.5,broken clouds
182,Brewster,US,2022-04-03 19:39:13,41.3973,-73.6171,42.91,92,100,4.25,overcast clouds
183,Kintampo,GH,2022-04-03 19:39:14,8.0563,-1.7306,78.93,69,92,10.87,light rain
184,Ponta Do Sol,PT,2022-04-03 19:38:43,32.6667,-17.1,61.43,71,100,15.35,overcast clouds
185,Jieshi,CN,2022-04-03 19:39:14,22.8134,115.8257,61.95,60,0,16.31,clear sky
186,El Alto,PE,2022-04-03 19:39:15,-4.2714,-81.2147,83.86,69,57,16.42,broken clouds
187,Upernavik,GL,2022-04-03 19:34:16,72.7868,-56.1549,18.46,86,46,3.96,scattered clouds
188,Nsoko,SZ,2022-04-03 19:39:15,-27.0333,31.95,76.26,94,100,3.8,overcast clouds
189,Laguna,US,2022-04-03 19:39:15,38.421,-121.4238,78.78,24,0,9.22,clear sky
190,Shetpe,KZ,2022-04-03 19:39:16,44.1667,52.1167,62.38,51,100,8.66,overcast clouds
191,Henderson,US,2022-04-03 19:38:44,36.0397,-114.9819,80.04,23,0,12.66,clear sky
192,Kostino,RU,2022-04-03 19:39:16,58.9097,53.2691,36.14,98,100,12.1,overcast clouds
193,Saskylakh,RU,2022-04-03 19:36:48,71.9167,114.0833,-7.06,98,100,9.66,overcast clouds
194,Bedele,ET,2022-04-03 19:39:16,8.456,36.353,63.61,59,100,3.91,light rain
195,Edgecumbe,NZ,2022-04-03 19:39:17,-37.9833,176.8333,63.79,96,15,2.48,few clouds
196,Turukhansk,RU,2022-04-03 19:39:17,65.8167,87.9833,-5.08,100,23,3.96,few clouds
197,Mahudha,IN,2022-04-03 19:39:17,22.8167,72.9333,84.38,38,0,7.0,clear sky
198,Jonkoping,SE,2022-04-03 19:39:18,57.7814,14.1562,37.38,75,99,10.36,overcast clouds
199,Coffs Harbour,AU,2022-04-03 19:39:18,-30.3,153.1333,65.14,88,100,7.45,light rain
200,Sinnamary,GF,2022-04-03 19:39:18,5.3833,-52.95,79.23,87,50,11.65,moderate rain
201,Walvis Bay,NA,2022-04-03 19:37:20,-22.9575,14.5053,59.09,88,0,4.61,clear sky
202,Wageningen,NL,2022-04-03 19:39:19,51.9667,5.6667,40.03,83,36,6.31,scattered clouds
203,Kloulklubed,PW,2022-04-03 19:39:19,7.0419,134.2556,75.7,79,100,4.61,overcast clouds
204,Kahului,US,2022-04-03 19:39:19,20.8947,-156.47,78.82,66,40,25.32,scattered clouds
205,Kirakira,SB,2022-04-03 19:39:20,-10.4544,161.9205,80.71,83,100,10.67,overcast clouds
206,Umm Kaddadah,SD,2022-04-03 19:39:20,13.6017,26.6876,84.74,9,100,12.19,overcast clouds
207,Lompoc,US,2022-04-03 19:39:20,34.6391,-120.4579,67.69,78,100,7.0,overcast clouds
208,Boundiali,CI,2022-04-03 19:39:21,9.5217,-6.4869,86.31,44,97,6.15,overcast clouds
209,Anaconda,US,2022-04-03 19:39:21,46.1285,-112.9423,43.79,32,91,10.27,overcast clouds
210,Suntar,RU,2022-04-03 19:39:22,62.1444,117.6319,-1.61,100,77,3.31,broken clouds
211,Biryusinsk,RU,2022-04-03 19:39:22,55.9634,97.8235,20.1,90,91,2.35,overcast clouds
212,Sarahan,IN,2022-04-03 19:39:22,31.5167,77.8,49.55,34,2,8.72,clear sky
213,Marawi,PH,2022-04-03 19:39:23,7.9986,124.2928,67.33,95,89,0.98,overcast clouds
214,Kuningan,ID,2022-04-03 19:39:23,-6.9758,108.4831,69.21,93,100,1.03,overcast clouds
215,Nadym,RU,2022-04-03 19:39:23,65.5333,72.5167,13.75,91,100,14.92,overcast clouds
216,Nishihara,JP,2022-04-03 19:39:24,26.1842,127.7558,63.68,80,40,12.66,scattered clouds
217,Loreto,MX,2022-04-03 19:39:24,22.2667,-101.9667,83.97,8,100,13.0,overcast clouds
218,Thompson,CA,2022-04-03 19:38:23,55.7435,-97.8558,37.56,48,100,11.5,overcast clouds
219,Mahebourg,MU,2022-04-03 19:39:24,-20.4081,57.7,80.26,83,75,11.5,broken clouds
220,Dunnville,CA,2022-04-03 19:39:25,42.9001,-79.6163,41.85,75,100,10.56,overcast clouds
221,Halifax,CA,2022-04-03 19:37:15,44.6453,-63.5724,51.69,56,100,13.8,overcast clouds
222,Meadow Lake,US,2022-04-03 19:39:25,34.8014,-106.5436,73.71,15,69,12.95,broken clouds
223,Palmer,US,2022-04-03 19:39:26,42.1584,-72.3287,52.41,61,100,11.5,overcast clouds
224,Mar Del Plata,AR,2022-04-03 19:38:31,-38.0023,-57.5575,75.22,62,40,21.85,scattered clouds
225,Bathsheba,BB,2022-04-03 19:40:26,13.2167,-59.5167,84.81,58,20,19.57,few clouds
226,Okitipupa,NG,2022-04-03 19:40:26,6.5047,4.7839,80.24,82,100,5.19,overcast clouds
227,Douentza,ML,2022-04-03 19:40:27,14.9951,-2.9517,91.15,8,56,4.65,broken clouds
228,Saint George,US,2022-04-03 19:38:32,37.1041,-113.5841,75.63,21,0,3.44,clear sky
229,Ketchikan,US,2022-04-03 19:40:27,55.3422,-131.6461,44.58,75,100,17.27,light rain
230,Upata,VE,2022-04-03 19:40:27,8.0086,-62.3989,82.71,56,100,5.75,overcast clouds
231,Tarakan,ID,2022-04-03 19:40:28,3.3,117.6333,78.84,83,100,2.21,overcast clouds
232,Xining,CN,2022-04-03 19:40:28,36.6167,101.7667,40.96,29,100,0.67,overcast clouds
233,Pudozh,RU,2022-04-03 19:40:28,61.8099,36.5345,8.91,97,86,2.04,overcast clouds
234,Rabo De Peixe,PT,2022-04-03 19:40:29,37.8,-25.5833,60.31,72,20,13.8,few clouds
235,Tabou,CI,2022-04-03 19:40:29,4.423,-7.3528,80.47,82,100,10.38,overcast clouds
236,Santa Cruz,BO,2022-04-03 19:40:29,-17.8,-63.1667,86.05,48,20,23.02,few clouds
237,Trapani,IT,2022-04-03 19:40:30,37.8333,12.6667,51.28,87,20,3.44,few clouds
238,Roma,US,2022-04-03 19:40:30,43.2128,-75.4557,39.72,92,100,0.0,light rain
239,Clyde River,CA,2022-04-03 19:38:45,70.4692,-68.5914,12.43,85,75,8.05,broken clouds
240,Gorontalo,ID,2022-04-03 19:40:30,0.5412,123.0595,75.0,94,98,2.19,overcast clouds
241,Evensk,RU,2022-04-03 19:40:31,61.95,159.2333,5.05,86,35,5.26,scattered clouds
242,Alofi,NU,2022-04-03 19:40:31,-19.0595,-169.9187,75.09,94,89,3.44,overcast clouds
243,Changde,CN,2022-04-03 19:40:31,29.0464,111.6783,58.39,69,100,2.15,overcast clouds
244,Wajima,JP,2022-04-03 19:40:32,37.4,136.9,46.22,81,7,10.98,clear sky
245,Kaspiysk,RU,2022-04-03 19:40:32,42.8816,47.6392,48.38,81,100,2.24,overcast clouds
246,Oltu,TR,2022-04-03 19:40:32,40.5498,42.0013,44.94,76,100,7.38,overcast clouds
247,Great Yarmouth,GB,2022-04-03 19:40:33,52.6083,1.7305,44.42,75,92,10.65,overcast clouds
248,Tiksi,RU,2022-04-03 19:35:33,71.6872,128.8694,4.77,98,100,8.01,overcast clouds
249,Shellbrook,CA,2022-04-03 19:40:33,53.2168,-106.4011,34.83,97,50,4.7,scattered clouds
250,San Francisco De Macoris,DO,2022-04-03 19:40:33,19.2952,-70.2554,90.28,49,14,13.47,few clouds
251,La Cruz,MX,2022-04-03 19:40:34,23.9167,-106.9,76.66,61,4,8.5,clear sky
252,Pozo Colorado,PY,2022-04-03 19:40:34,-23.4923,-58.7972,89.91,41,100,6.73,overcast clouds
253,Fomboni,KM,2022-04-03 19:40:34,-12.28,43.7425,82.89,74,8,10.25,clear sky
254,Lesozavodsk,RU,2022-04-03 19:40:35,45.4794,133.4244,40.08,54,0,13.33,clear sky
255,Picos,BR,2022-04-03 19:40:35,-7.0769,-41.4669,88.99,46,79,4.63,broken clouds
256,Tessalit,ML,2022-04-03 19:40:35,20.1986,1.0114,91.65,8,0,6.53,clear sky
257,Kisangani,CD,2022-04-03 19:40:36,0.5167,25.2,71.31,95,62,2.51,broken clouds
258,Aranos,NA,2022-04-03 19:40:36,-24.1333,19.1167,72.3,23,3,12.41,clear sky
259,Lavrentiya,RU,2022-04-03 19:40:36,65.5833,-171.0,-8.03,89,22,11.16,few clouds
260,Chhagalnaiya,BD,2022-04-03 19:40:37,23.03,91.5069,76.73,89,10,10.33,clear sky
261,Olga,RU,2022-04-03 19:40:37,43.7444,135.2892,36.21,65,0,4.79,clear sky
262,Hofn,IS,2022-04-03 19:37:51,64.2539,-15.2082,38.17,84,100,16.91,overcast clouds
263,Seminole,US,2022-04-03 19:35:58,28.7086,-81.2081,83.14,57,20,3.44,few clouds
264,Francisco Beltrao,BR,2022-04-03 19:40:37,-26.0811,-53.055,78.26,71,62,5.48,broken clouds
265,Flinders,AU,2022-04-03 19:40:38,-34.5833,150.8552,61.88,76,0,1.99,clear sky
266,Debre Sina,ET,2022-04-03 19:40:38,9.85,39.7667,56.16,55,27,2.77,scattered clouds
267,Manadhoo,MV,2022-04-03 19:40:38,5.7667,73.3833,82.96,69,10,2.95,clear sky
268,Kushima,JP,2022-04-03 19:40:39,31.4583,131.2333,47.84,61,0,4.9,clear sky
269,Camacha,PT,2022-04-03 19:40:39,33.0833,-16.3333,58.42,77,75,26.46,broken clouds
270,Ostrovnoy,RU,2022-04-03 19:38:47,68.0531,39.5131,15.84,92,100,6.58,overcast clouds
271,Vallenar,CL,2022-04-03 19:40:39,-28.5708,-70.7581,82.26,23,0,8.86,clear sky
272,Koslan,RU,2022-04-03 19:40:40,63.4564,48.8989,22.5,94,100,8.79,light snow
273,Harper,LR,2022-04-03 19:40:40,4.375,-7.7169,80.31,82,100,9.55,overcast clouds
274,Broken Hill,AU,2022-04-03 19:40:40,-31.95,141.4333,49.71,76,0,0.0,clear sky
275,Lima,PE,2022-04-03 19:36:53,-12.0432,-77.0282,73.38,79,0,11.5,clear sky
276,Pavlodar,KZ,2022-04-03 19:41:41,52.3,76.95,35.4,93,0,4.47,clear sky
277,Asau,RO,2022-04-03 19:41:41,46.4333,26.4,32.92,93,100,1.21,snow
278,Egvekinot,RU,2022-04-03 19:41:41,66.3167,-179.1667,-7.58,83,62,16.89,broken clouds
279,Port Lincoln,AU,2022-04-03 19:41:42,-34.7333,135.8667,58.87,83,0,3.38,clear sky
280,Monze,ZM,2022-04-03 19:41:42,-16.2833,27.4833,65.77,86,33,3.71,scattered clouds
281,Hasaki,JP,2022-04-03 19:39:16,35.7333,140.8333,48.29,75,98,21.16,light rain
282,Campo Grande,BR,2022-04-03 19:40:09,-20.4428,-54.6464,80.15,69,75,14.97,thunderstorm
283,Ampanihy,MG,2022-04-03 19:41:43,-24.7,44.75,70.75,85,0,5.79,clear sky
284,Chapada Dos Guimaraes,BR,2022-04-03 19:41:43,-15.4606,-55.7497,82.06,73,8,4.29,light rain
285,Acarau,BR,2022-04-03 19:41:43,-2.8856,-40.12,79.95,84,23,12.37,moderate rain
286,Hami,CN,2022-04-03 19:40:05,42.8,93.45,53.71,25,0,8.46,clear sky
287,Maturin,VE,2022-04-03 19:41:44,9.75,-63.1767,88.7,48,52,10.56,broken clouds
288,Esil,KZ,2022-04-03 19:41:44,51.9556,66.4042,37.83,87,100,11.23,overcast clouds
289,Banjar,ID,2022-04-03 19:41:44,-8.19,114.9675,75.49,89,13,3.6,few clouds
290,Faanui,PF,2022-04-03 19:41:45,-16.4833,-151.75,81.82,75,71,10.51,broken clouds
291,Tura,IN,2022-04-03 19:39:57,25.5198,90.2201,69.84,94,11,6.31,moderate rain
292,Genhe,CN,2022-04-03 19:41:45,50.7833,121.5167,26.4,76,71,9.91,broken clouds
293,Mecca,SA,2022-04-03 19:38:17,21.4267,39.8261,83.8,30,89,5.32,overcast clouds
294,Lindi,TZ,2022-04-03 19:41:46,-10.0,39.7167,74.79,94,31,1.83,scattered clouds
295,Chuy,UY,2022-04-03 19:41:46,-33.6971,-53.4616,71.62,68,92,10.69,light rain
296,Vila,PT,2022-04-03 19:41:46,42.0304,-8.1588,41.88,68,22,5.1,few clouds
297,Porto Empedocle,IT,2022-04-03 19:41:47,37.2934,13.5264,51.31,65,100,3.85,overcast clouds
298,Mitsamiouli,KM,2022-04-03 19:41:47,-11.3847,43.2844,81.7,75,16,5.06,few clouds
299,Kashi,CN,2022-04-03 19:41:47,39.4547,75.9797,58.21,33,5,11.18,clear sky
300,Vitim,RU,2022-04-03 19:41:48,59.4511,112.5578,15.69,96,100,5.55,light snow
301,Newark,US,2022-04-03 19:40:45,40.7357,-74.1724,49.44,79,100,4.61,mist
302,Chokurdakh,RU,2022-04-03 19:41:48,70.6333,147.9167,-21.78,100,81,2.57,broken clouds
303,Sokolskoye,RU,2022-04-03 19:41:48,57.1412,43.1589,26.49,94,100,8.61,overcast clouds
304,Vostok,RU,2022-04-03 19:41:49,46.4856,135.8833,27.46,82,0,7.02,clear sky
305,La Ronge,CA,2022-04-03 19:41:49,55.1001,-105.2842,41.22,48,20,6.91,few clouds
306,Makakilo City,US,2022-04-03 19:38:20,21.3469,-158.0858,77.32,54,20,18.41,few clouds
307,Nuuk,GL,2022-04-03 19:41:49,64.1835,-51.7216,36.21,87,20,11.5,few clouds
308,Manacapuru,BR,2022-04-03 19:41:50,-3.2997,-60.6206,76.68,90,99,6.82,light rain
309,Hamilton,US,2022-04-03 19:41:13,39.1834,-84.5333,57.94,49,40,4.61,scattered clouds
310,Margate,GB,2022-04-03 19:41:50,51.3813,1.3862,42.69,63,57,3.0,broken clouds
311,Kaeo,NZ,2022-04-03 19:41:51,-35.1,173.7833,66.33,92,18,1.03,few clouds
312,Pimentel,PE,2022-04-03 19:41:51,-6.8367,-79.9342,82.69,47,0,17.27,clear sky
313,Cabo San Lucas,MX,2022-04-03 19:41:51,22.8909,-109.9124,77.61,57,0,10.36,clear sky
314,Fortuna,US,2022-04-03 19:41:52,40.5982,-124.1573,56.93,70,20,10.36,few clouds
315,Faya,SA,2022-04-03 19:41:52,18.3851,42.4509,66.31,26,85,3.67,overcast clouds
316,Vila Velha,BR,2022-04-03 19:41:52,-20.3297,-40.2925,84.15,79,40,10.36,scattered clouds
317,Sioux Lookout,CA,2022-04-03 19:41:53,50.1001,-91.917,37.47,60,100,3.44,overcast clouds
318,Ambon,ID,2022-04-03 19:41:53,-3.6954,128.1814,80.53,72,100,4.27,overcast clouds
319,Pauini,BR,2022-04-03 19:41:53,-7.7136,-66.9764,85.98,62,93,2.3,overcast clouds
320,Zhuhai,CN,2022-04-03 19:41:54,22.2769,113.5678,64.18,72,0,11.5,clear sky
321,Erenhot,CN,2022-04-03 19:41:54,43.6475,111.9767,45.48,25,32,14.63,scattered clouds
322,Esperance,AU,2022-04-03 19:42:54,-33.8667,121.9,62.44,92,100,7.54,light rain
323,Diego De Almagro,CL,2022-04-03 19:42:55,-26.3667,-70.05,78.28,17,0,12.62,clear sky
324,Robertsport,LR,2022-04-03 19:42:55,6.7533,-11.3686,79.43,86,100,10.98,overcast clouds
325,Luwuk,ID,2022-04-03 19:42:55,-0.9516,122.7875,77.88,88,100,2.3,overcast clouds
326,Salamiyah,SY,2022-04-03 19:42:56,35.0113,37.0532,60.28,38,100,10.11,overcast clouds
327,Mackay,AU,2022-04-03 19:42:56,-21.15,149.2,75.69,94,75,5.75,light intensity shower rain
328,Atasu,KZ,2022-04-03 19:42:56,48.6814,71.6433,37.11,71,100,5.44,overcast clouds
329,Atar,MR,2022-04-03 19:42:57,20.5169,-13.0499,77.85,16,0,9.86,clear sky
330,Sedalia,US,2022-04-03 19:42:57,38.7045,-93.2283,69.71,26,20,14.0,few clouds
331,Bull Savanna,JM,2022-04-03 19:42:57,17.8868,-77.5902,82.4,62,6,15.5,clear sky
332,Baependi,BR,2022-04-03 19:42:58,-21.9589,-44.89,72.91,87,52,3.53,broken clouds
333,Binulasan,PH,2022-04-03 19:42:58,14.7317,121.6986,78.94,76,60,14.58,broken clouds
334,Anzio,IT,2022-04-03 19:42:58,41.4853,12.6179,50.86,77,90,4.54,overcast clouds
335,Nhulunbuy,AU,2022-04-03 19:42:59,-12.2333,136.7667,75.81,88,91,0.0,overcast clouds
336,Den Helder,NL,2022-04-03 19:42:59,52.9599,4.7593,42.78,75,75,13.0,broken clouds
337,Morgan City,US,2022-04-03 19:38:02,29.6994,-91.2068,84.0,47,0,10.36,clear sky
338,Alice Springs,AU,2022-04-03 19:38:40,-23.7,133.8833,51.35,54,0,0.0,clear sky
339,Zaysan,KZ,2022-04-03 19:42:59,47.4667,84.8667,42.01,57,3,0.43,clear sky
340,Bondo,CD,2022-04-03 19:43:00,3.8146,23.6866,72.41,70,58,1.07,broken clouds
341,Khani,GE,2022-04-03 19:43:00,41.9563,42.9566,47.77,89,99,5.37,overcast clouds
342,Riyadh,SA,2022-04-03 19:41:28,24.6877,46.7219,80.74,12,89,7.92,overcast clouds
343,Cockburn Town,TC,2022-04-03 19:40:43,21.4612,-71.1419,82.36,69,40,17.27,scattered clouds
344,Kamaishi,JP,2022-04-03 19:43:01,39.2667,141.8833,44.74,92,100,4.34,overcast clouds
345,Pevek,RU,2022-04-03 19:41:55,69.7008,170.3133,-19.73,96,24,2.28,few clouds
346,Tazmalt,DZ,2022-04-03 19:43:01,36.3868,4.3989,47.97,83,100,8.05,overcast clouds
347,Puerto Madero,MX,2022-04-03 19:43:01,14.7208,-92.4215,85.73,61,1,13.53,clear sky
348,Shelburne,CA,2022-04-03 19:40:01,44.0787,-80.2041,39.13,82,100,13.85,overcast clouds
349,Anicuns,BR,2022-04-03 19:43:02,-16.4611,-49.9617,78.96,63,59,2.57,broken clouds
350,Matara,LK,2022-04-03 19:41:42,5.9485,80.5353,77.25,86,36,1.74,scattered clouds
351,Springdale,US,2022-04-03 19:43:02,36.1867,-94.1288,71.74,35,0,21.85,clear sky
352,Ekibastuz,KZ,2022-04-03 19:43:03,51.6667,75.3667,42.78,69,99,10.27,overcast clouds
353,Naze,JP,2022-04-03 19:43:03,28.3667,129.4833,58.12,61,13,12.15,few clouds
354,Birin,NP,2022-04-03 19:43:03,26.8865,88.0718,59.34,80,59,2.24,broken clouds
355,Phan Thiet,VN,2022-04-03 19:43:04,10.9333,108.1,76.53,74,92,6.38,overcast clouds
356,Sinegorsk,RU,2022-04-03 19:43:04,47.1667,142.5,28.74,89,3,8.7,clear sky
357,Dolores,AR,2022-04-03 19:43:04,-36.3132,-57.6792,72.27,53,45,13.58,scattered clouds
358,Yarmouth,US,2022-04-03 19:38:50,41.7057,-70.2286,48.96,69,75,9.22,broken clouds
359,Madimba,TZ,2022-04-03 19:43:05,-10.4,40.3333,78.19,84,66,3.83,broken clouds
360,Aklavik,CA,2022-04-03 19:43:05,68.2191,-135.0107,-9.4,59,40,9.22,scattered clouds
361,Talnakh,RU,2022-04-03 19:43:05,69.4865,88.3972,-0.22,98,86,5.95,overcast clouds
362,Damaturu,NG,2022-04-03 19:43:06,11.747,11.9608,85.42,9,17,1.48,few clouds
363,Montbrison,FR,2022-04-03 19:43:06,45.6667,4.0833,35.94,95,94,6.02,overcast clouds
364,Antalaha,MG,2022-04-03 19:43:06,-14.9003,50.2788,76.01,84,93,5.48,overcast clouds
365,Lata,PT,2022-04-03 19:40:39,40.1629,-8.3327,54.81,46,1,4.81,clear sky
366,De-Kastri,RU,2022-04-03 19:43:07,51.4667,140.7833,32.67,87,84,7.05,broken clouds
367,Tazovskiy,RU,2022-04-03 19:42:40,67.4667,78.7,-7.42,100,65,6.69,broken clouds
368,Namatanai,PG,2022-04-03 19:44:07,-3.6667,152.4333,78.37,85,100,2.39,light rain
369,Vestmannaeyjar,IS,2022-04-03 19:44:08,63.4427,-20.2734,42.98,81,100,18.9,overcast clouds
370,Ust-Ishim,RU,2022-04-03 19:44:08,57.6935,71.1665,35.44,100,100,12.62,overcast clouds
371,Labuhan,ID,2022-04-03 19:41:41,-6.8844,112.2051,75.49,90,100,9.31,overcast clouds
372,Dusti,TJ,2022-04-03 19:44:09,37.3481,68.664,62.31,29,0,6.73,clear sky
373,Porto Novo,BJ,2022-04-03 19:44:09,6.4965,2.6036,84.02,81,94,10.83,overcast clouds
374,Cidreira,BR,2022-04-03 19:39:54,-30.1811,-50.2056,69.98,95,100,19.13,moderate rain
375,Rio Gallegos,AR,2022-04-03 19:39:49,-51.6226,-69.2181,53.65,28,40,33.38,scattered clouds
376,Kabare,CD,2022-04-03 19:44:10,-2.4683,28.8242,60.75,95,9,0.47,clear sky
377,Goderich,CA,2022-04-03 19:44:10,43.7501,-81.7165,38.91,81,61,13.8,broken clouds
378,Yantai,CN,2022-04-03 19:44:10,37.5333,121.4,45.25,70,0,10.42,clear sky
379,Tumaco,CO,2022-04-03 19:44:10,1.7986,-78.8156,83.55,72,100,11.65,light rain
380,Oeiras Do Para,BR,2022-04-03 19:44:11,-2.0031,-49.8544,82.33,85,91,2.48,overcast clouds
381,Tanout,NE,2022-04-03 19:44:11,14.9709,8.8879,86.79,2,99,7.85,overcast clouds
382,Guerrero Negro,MX,2022-04-03 19:44:12,27.9769,-114.0611,65.97,53,31,14.65,scattered clouds
383,Zhezkazgan,KZ,2022-04-03 19:44:12,47.8043,67.7144,51.46,45,100,9.04,overcast clouds
384,Lusambo,CD,2022-04-03 19:44:12,-4.9667,23.45,69.98,98,99,1.59,light rain
385,Omboue,GA,2022-04-03 19:44:13,-1.5746,9.2618,78.1,87,77,4.85,broken clouds
386,Wad Rawah,SD,2022-04-03 19:44:13,15.1603,33.1397,94.8,14,100,9.15,overcast clouds
387,Baykit,RU,2022-04-03 19:44:13,61.67,96.37,-0.35,100,68,3.02,broken clouds
388,Mezhdurechensk,RU,2022-04-03 19:44:14,53.6942,88.0603,36.28,100,100,2.59,light rain
389,San Ignacio,BZ,2022-04-03 19:44:14,17.1561,-89.0714,93.34,46,40,6.91,scattered clouds
390,Pahrump,US,2022-04-03 19:44:14,36.2083,-115.9839,78.44,17,100,5.01,overcast clouds
391,Morro Bay,US,2022-04-03 19:44:14,35.3658,-120.8499,74.59,65,100,7.0,overcast clouds
392,Mildura,AU,2022-04-03 19:44:15,-34.2,142.15,53.08,87,0,3.44,clear sky
393,Beira,MZ,2022-04-03 19:44:15,-19.8436,34.8389,80.69,78,20,10.36,few clouds
394,Bansi,IN,2022-04-03 19:44:16,27.1833,82.9333,75.65,20,0,4.41,clear sky
395,Port Hawkesbury,CA,2022-04-03 19:42:45,45.6169,-61.3485,43.18,70,0,10.36,clear sky
396,Romans-Sur-Isere,FR,2022-04-03 19:44:16,45.0464,5.0562,40.84,83,95,9.86,overcast clouds
397,Roswell,US,2022-04-03 19:43:28,34.0232,-84.3616,71.78,24,0,13.8,clear sky
398,Dimbokro,CI,2022-04-03 19:44:16,6.6451,-4.7048,83.52,61,100,6.55,overcast clouds
399,Wattegama,LK,2022-04-03 19:44:17,6.7989,81.4808,73.94,92,1,0.63,clear sky
400,Taltal,CL,2022-04-03 19:41:12,-25.4,-70.4833,67.23,66,22,5.3,few clouds
401,Mainit,PH,2022-04-03 19:44:17,9.535,125.5231,77.13,88,100,5.35,overcast clouds
402,Yakeshi,CN,2022-04-03 19:44:18,49.2833,120.7333,25.03,78,90,4.85,overcast clouds
403,Srandakan,ID,2022-04-03 19:44:18,-7.9386,110.2506,76.21,87,100,4.43,overcast clouds
404,Salinopolis,BR,2022-04-03 19:43:28,-0.6136,-47.3561,81.73,78,78,9.86,moderate rain
405,Avera,US,2022-04-03 19:41:14,33.194,-82.5271,74.37,28,0,11.23,clear sky
406,Ambulu,ID,2022-04-03 19:44:19,-8.345,113.6058,74.32,92,6,3.33,clear sky
407,Nanortalik,GL,2022-04-03 19:44:19,60.1432,-45.2371,37.85,80,98,5.39,overcast clouds
408,Constantine,DZ,2022-04-03 19:44:19,36.365,6.6147,47.61,76,75,10.36,broken clouds
409,Tashara,RU,2022-04-03 19:44:20,55.5195,83.5094,32.74,98,100,4.74,overcast clouds
410,Yatou,CN,2022-04-03 19:44:20,37.15,122.3833,42.87,79,0,7.76,light rain
411,Changji,CN,2022-04-03 19:44:20,44.0167,87.3167,56.19,38,0,8.95,clear sky
412,Aurad,IN,2022-04-03 19:44:21,18.25,77.4333,88.36,23,69,10.4,broken clouds
413,Buraydah,SA,2022-04-03 19:45:21,26.326,43.975,79.25,9,70,6.58,broken clouds
414,Dunedin,NZ,2022-04-03 19:45:21,-45.8742,170.5036,55.8,76,93,4.0,overcast clouds
415,Bairiki,KI,2022-04-03 19:45:21,1.3292,172.9752,80.6,78,40,6.91,scattered clouds
416,Sokoto,NG,2022-04-03 19:40:23,13.0609,5.239,88.29,9,23,4.56,few clouds
417,Sao Joao Do Piaui,BR,2022-04-03 19:45:22,-8.3581,-42.2467,91.85,29,70,6.44,broken clouds
418,Coos Bay,US,2022-04-03 19:45:22,43.3665,-124.2179,58.98,79,100,6.91,overcast clouds
419,Constitucion,CL,2022-04-03 19:42:47,-35.3333,-72.4167,62.78,44,0,22.1,clear sky
420,Mersin,TR,2022-04-03 19:44:17,36.862,34.6509,60.1,81,97,6.64,overcast clouds
421,Camana,PE,2022-04-03 19:45:23,-16.6228,-72.7111,72.27,74,52,9.19,broken clouds
422,Shingu,JP,2022-04-03 19:45:23,33.7333,135.9833,49.66,88,97,5.99,overcast clouds
423,Tarnogskiy Gorodok,RU,2022-04-03 19:45:24,60.4997,43.5761,20.08,94,51,7.49,broken clouds
424,Santiago Del Estero,AR,2022-04-03 19:43:56,-27.7951,-64.2615,83.26,33,0,2.37,clear sky
425,Port Blair,IN,2022-04-03 19:45:24,11.6667,92.75,82.44,78,40,5.75,mist
426,Nyrob,RU,2022-04-03 19:45:24,60.733,56.7202,36.9,100,100,10.22,overcast clouds
427,Manthani,IN,2022-04-03 19:45:25,18.65,79.6667,88.84,25,44,8.32,scattered clouds
428,Niquelandia,BR,2022-04-03 19:45:25,-14.4739,-48.4597,84.07,41,64,6.62,broken clouds
429,Santa Isabel Do Rio Negro,BR,2022-04-03 19:45:25,-0.4139,-65.0192,81.12,88,51,3.11,moderate rain
430,Ornskoldsvik,SE,2022-04-03 19:45:26,63.2909,18.7153,29.35,86,100,2.3,overcast clouds
431,Nantucket,US,2022-04-03 19:45:26,41.2835,-70.0995,48.31,75,100,10.36,overcast clouds
432,Gamba,GA,2022-04-03 19:45:26,-2.65,10.0,77.54,94,100,3.89,overcast clouds
433,Kaithal,IN,2022-04-03 19:45:27,29.8,76.3833,74.93,7,64,2.28,broken clouds
434,Ixtapa,MX,2022-04-03 19:41:36,20.7,-105.2,78.03,57,0,8.05,clear sky
435,Alekseyevka,RU,2022-04-03 19:45:28,50.6309,38.6903,37.24,91,100,6.31,overcast clouds
436,Praia Da Vitoria,PT,2022-04-03 19:40:32,38.7333,-27.0667,62.76,82,20,15.68,few clouds
437,Henties Bay,NA,2022-04-03 19:45:28,-22.116,14.2845,61.66,83,0,4.92,clear sky
438,Bambous Virieux,MU,2022-04-03 19:45:29,-20.3428,57.7575,80.22,83,75,11.5,broken clouds
439,Iracoubo,GF,2022-04-03 19:45:29,5.4802,-53.2011,79.18,87,39,11.52,moderate rain
440,Terrace Bay,CA,2022-04-03 19:45:29,48.7834,-87.1,34.5,93,82,2.06,broken clouds
441,Llanes,ES,2022-04-03 19:45:30,43.4198,-4.7549,43.32,74,64,12.95,broken clouds
442,Moron,AR,2022-04-03 19:45:30,-34.6534,-58.6198,73.29,87,100,4.61,overcast clouds
443,Baruun-Urt,MN,2022-04-03 19:45:30,46.6806,113.2792,37.83,62,97,13.98,overcast clouds
444,Caravelas,BR,2022-04-03 19:45:30,-17.7125,-39.2481,80.02,68,0,6.64,clear sky
445,Bonavista,CA,2022-04-03 19:45:31,48.6499,-53.1147,36.57,85,100,13.51,overcast clouds
446,Tiquicheo,MX,2022-04-03 19:45:31,18.8833,-100.7333,102.43,8,94,5.59,overcast clouds
447,Lazo,RU,2022-04-03 19:45:31,43.3817,133.9014,33.39,76,3,2.98,clear sky
448,San Ramon De La Nueva Oran,AR,2022-04-03 19:45:32,-23.1322,-64.326,88.43,34,0,3.8,clear sky
449,Nouadhibou,MR,2022-04-03 19:45:32,20.931,-17.0347,67.98,77,0,12.66,clear sky
450,Czersk,PL,2022-04-03 19:45:32,53.7959,17.9765,34.45,54,99,6.2,overcast clouds
451,Lakes Entrance,AU,2022-04-03 19:45:33,-37.8811,147.981,57.16,93,100,20.07,light rain
452,Port Macquarie,AU,2022-04-03 19:41:46,-31.4333,152.9167,61.9,87,100,9.84,light rain
453,Huilong,CN,2022-04-03 19:45:33,31.8111,121.655,46.92,67,15,6.17,few clouds
454,Chaozhou,CN,2022-04-03 19:45:34,23.6651,116.6379,51.66,66,0,1.97,clear sky
455,Howard Springs,AU,2022-04-03 19:45:34,-12.497,131.047,80.51,98,25,3.6,scattered clouds
456,Balaka,MW,2022-04-03 19:45:34,-14.9793,34.9558,68.61,97,86,2.73,moderate rain
457,Ukiah,US,2022-04-03 19:45:35,39.1502,-123.2078,73.36,32,0,3.0,clear sky
458,Touros,BR,2022-04-03 19:45:35,-5.1989,-35.4608,79.02,85,99,11.7,overcast clouds
459,Nome,US,2022-04-03 19:44:09,64.5011,-165.4064,13.15,52,0,3.44,clear sky
460,Mehamn,NO,2022-04-03 19:45:35,71.0357,27.8492,28.31,65,96,11.3,overcast clouds
461,Mpophomeni,ZA,2022-04-03 19:46:36,-29.5682,30.1862,58.59,91,73,3.8,broken clouds
462,Richards Bay,ZA,2022-04-03 19:46:36,-28.783,32.0377,75.47,84,97,10.76,overcast clouds
463,Nelson Bay,AU,2022-04-03 19:46:36,-32.7167,152.15,63.0,91,98,5.79,overcast clouds
464,Neka,IR,2022-04-03 19:46:37,36.6508,53.299,70.86,48,0,6.13,clear sky
465,Sajanan,TN,2022-04-03 19:46:37,37.0573,9.2426,50.92,78,100,10.25,overcast clouds
466,Kiunga,PG,2022-04-03 19:46:37,-6.1219,141.2906,72.43,96,35,0.94,scattered clouds
467,Maungaturoto,NZ,2022-04-03 19:46:38,-36.1,174.3667,63.68,89,28,0.6,scattered clouds
468,Zhigansk,RU,2022-04-03 19:45:15,66.7697,123.3711,2.03,98,98,9.1,overcast clouds
469,Obo,CF,2022-04-03 19:46:38,5.3998,26.4869,69.08,88,52,3.8,broken clouds
470,Gornopravdinsk,RU,2022-04-03 19:46:38,60.05,69.9,33.75,96,100,14.03,overcast clouds
471,Tommot,RU,2022-04-03 19:46:39,58.9564,126.2925,13.95,97,100,5.14,overcast clouds
472,Iqaluit,CA,2022-04-03 19:46:39,63.7506,-68.5145,26.33,86,75,23.02,broken clouds
473,Chimbote,PE,2022-04-03 19:44:04,-9.0853,-78.5783,73.87,73,16,10.4,few clouds
474,Kommunisticheskiy,RU,2022-04-03 19:46:39,61.6789,64.4819,32.02,97,100,11.21,overcast clouds
475,Gazli,UZ,2022-04-03 19:46:40,40.1333,63.45,68.11,25,0,10.2,clear sky
476,Ropcha,UA,2022-04-03 19:46:40,48.1199,25.7742,35.17,82,98,13.29,overcast clouds
477,Shangqiu,CN,2022-04-03 19:45:40,34.45,115.65,47.12,70,92,8.28,overcast clouds
478,Kudahuvadhoo,MV,2022-04-03 19:43:41,2.6708,72.8944,82.8,63,8,0.94,clear sky
479,Plonsk,PL,2022-04-03 19:46:41,52.6235,20.3755,35.76,66,98,8.41,overcast clouds
480,Talara,PE,2022-04-03 19:46:41,-4.5772,-81.2719,86.76,48,0,16.11,clear sky
481,Jining,CN,2022-04-03 19:46:41,35.405,116.5814,45.32,77,17,8.39,few clouds
482,Finnsnes,NO,2022-04-03 19:46:42,69.2296,17.9811,25.41,74,17,7.02,few clouds
483,Manubul,PH,2022-04-03 19:46:42,5.4732,120.7986,81.21,76,83,8.23,broken clouds
484,Novyy Urengoy,RU,2022-04-03 19:46:42,66.0833,76.6333,-1.19,100,100,7.74,overcast clouds
485,Saint-Joseph,RE,2022-04-03 19:46:43,-21.3667,55.6167,73.78,88,100,13.2,moderate rain
486,Peruibe,BR,2022-04-03 19:46:43,-24.32,-46.9983,76.41,84,59,6.08,broken clouds
487,Waddan,LY,2022-04-03 19:46:43,29.1614,16.139,80.89,11,1,15.26,clear sky
488,Daurala,IN,2022-04-03 19:46:44,29.1167,77.6833,76.21,7,0,3.02,clear sky
489,Rawson,AR,2022-04-03 19:45:12,-43.3002,-65.1023,62.29,26,13,15.77,few clouds
490,Anklam,DE,2022-04-03 19:46:44,53.8564,13.6897,41.05,83,100,12.66,overcast clouds
491,Birao,CF,2022-04-03 19:46:44,10.2849,22.7882,88.83,26,83,4.88,broken clouds
492,Valera,VE,2022-04-03 19:46:45,9.3178,-70.6036,83.28,70,100,1.74,overcast clouds
493,Mount Gambier,AU,2022-04-03 19:46:45,-37.8333,140.7667,46.31,100,38,5.75,mist
494,Nizwa,OM,2022-04-03 19:46:45,22.9333,57.5333,77.72,26,0,6.04,clear sky
495,Nioro,GM,2022-04-03 19:46:46,13.35,-15.75,80.83,43,96,12.39,overcast clouds
496,Dickinson,US,2022-04-03 19:46:46,29.4608,-95.0513,84.09,52,0,16.11,clear sky
497,Yar-Sale,RU,2022-04-03 19:46:46,66.8333,70.8333,6.42,92,100,9.91,overcast clouds
498,Samarai,PG,2022-04-03 19:45:34,-10.6167,150.6667,80.8,77,92,9.91,overcast clouds
499,Bermejo,AR,2022-04-03 19:46:47,-32.8833,-68.8,67.91,40,0,8.05,clear sky
500,Wanaka,NZ,2022-04-03 19:46:47,-44.7,169.15,53.44,61,21,2.35,few clouds
501,Hobyo,SO,2022-04-03 19:46:47,5.3505,48.5268,81.61,74,25,9.95,scattered clouds
502,San Luis,AR,2022-04-03 19:46:48,-33.295,-66.3356,64.78,27,1,18.52,clear sky
503,Kota Kinabalu,MY,2022-04-03 19:46:48,5.9749,116.0724,75.18,88,20,3.44,few clouds
504,Fort Nelson,CA,2022-04-03 19:46:12,58.8053,-122.7002,26.19,63,75,3.44,broken clouds
505,San Bartolo Del Llano,MX,2022-04-03 19:46:48,19.5908,-99.7439,75.69,10,95,3.18,overcast clouds
506,Siderno,IT,2022-04-03 19:46:49,38.2779,16.302,50.34,75,98,7.76,overcast clouds
507,Linkoping,SE,2022-04-03 19:46:49,58.4109,15.6216,38.8,56,20,9.22,few clouds
508,Biu,NG,2022-04-03 19:46:49,10.6129,12.1946,85.98,11,99,4.34,overcast clouds
509,Havre-Saint-Pierre,CA,2022-04-03 19:47:50,50.2334,-63.5986,41.36,48,0,20.71,clear sky
510,Nova Olimpia,BR,2022-04-03 19:47:50,-14.7972,-57.2881,85.23,72,9,2.35,clear sky
511,Santa Fe,AR,2022-04-03 19:47:50,-31.6333,-60.7,82.0,48,25,1.99,scattered clouds
512,Okato,NZ,2022-04-03 19:47:51,-39.2,173.8833,54.91,91,24,2.55,few clouds
513,Sembe,CG,2022-04-03 19:44:05,1.6481,14.5806,71.96,97,95,2.48,light rain
514,Saint-Georges,GD,2022-04-03 19:47:51,12.0564,-61.7485,83.88,65,40,28.77,scattered clouds
515,Ngunguru,NZ,2022-04-03 19:47:51,-35.6167,174.5,64.29,83,11,1.52,few clouds
516,Hauterive,FR,2022-04-03 19:47:52,46.0901,3.4459,38.16,94,87,2.95,overcast clouds
517,Balakhta,RU,2022-04-03 19:47:52,55.38,91.6,14.67,98,100,3.85,overcast clouds
518,Manggar,ID,2022-04-03 19:47:52,-2.8833,108.2667,77.81,85,54,4.05,broken clouds
519,Sorong,ID,2022-04-03 19:47:53,-0.8833,131.25,78.03,87,100,5.5,overcast clouds
520,Russell,US,2022-04-03 19:45:27,32.3502,-85.1999,75.06,35,0,12.66,clear sky
521,Aboyne,GB,2022-04-03 19:47:53,57.0755,-2.7802,49.39,80,100,14.34,overcast clouds
522,Surt,LY,2022-04-03 19:47:53,31.2089,16.5887,62.82,77,0,15.79,clear sky
523,Morro Agudo,BR,2022-04-03 19:46:08,-20.7314,-48.0578,80.46,69,38,4.54,scattered clouds
524,Izumo,JP,2022-04-03 19:44:13,35.3667,132.7667,39.15,87,1,4.79,clear sky
525,Marienburg,PL,2022-04-03 19:47:54,54.0359,19.0266,33.89,61,77,5.91,broken clouds
526,Kampene,CD,2022-04-03 19:47:54,-3.6,26.6667,69.28,98,72,1.19,broken clouds
527,Thoen,TH,2022-04-03 19:47:55,17.6129,99.2161,70.7,78,39,0.89,scattered clouds
528,Beringovskiy,RU,2022-04-03 19:47:55,63.05,179.3167,-4.9,86,49,15.26,scattered clouds
529,Malinyi,TZ,2022-04-03 19:47:55,-8.9333,36.1333,72.07,93,27,2.06,scattered clouds
530,Ola,RU,2022-04-03 19:47:56,59.5833,151.2833,4.6,94,37,5.3,scattered clouds
531,Meulaboh,ID,2022-04-03 19:47:56,4.1363,96.1285,74.25,84,100,3.09,overcast clouds
532,Kalabo,ZM,2022-04-03 19:47:56,-14.97,22.6814,73.62,69,83,3.18,broken clouds
533,Camacupa,AO,2022-04-03 19:47:57,-12.0167,17.4833,63.39,92,100,7.31,overcast clouds
534,Abalak,RU,2022-04-03 19:47:57,58.1286,68.5944,35.8,99,100,12.71,overcast clouds
535,Ulladulla,AU,2022-04-03 19:45:18,-35.35,150.4667,61.7,60,100,9.48,overcast clouds
536,Lake Charles,US,2022-04-03 19:47:58,30.2131,-93.2044,82.62,40,0,11.5,clear sky
537,Shenjiamen,CN,2022-04-03 19:47:58,29.9576,122.298,50.4,63,34,6.26,scattered clouds
538,Novobelokatay,RU,2022-04-03 19:47:58,55.7062,58.9549,41.27,87,100,11.25,overcast clouds
539,Caceres,ES,2022-04-03 19:47:59,39.522,-6.3748,43.0,55,64,7.92,broken clouds
540,Tallahassee,US,2022-04-03 19:45:53,30.4383,-84.2807,79.0,36,0,10.36,clear sky
541,Kochi,IN,2022-04-03 19:47:59,9.9399,76.2602,78.78,87,29,4.03,scattered clouds
542,Sisimiut,GL,2022-04-03 19:47:59,66.9395,-53.6735,34.07,89,14,4.21,few clouds
543,Dayong,CN,2022-04-03 19:48:00,25.0209,118.2898,51.19,76,0,3.38,clear sky
544,Chicama,PE,2022-04-03 19:48:00,-7.8447,-79.1469,68.54,61,44,11.21,scattered clouds
545,Ust-Nera,RU,2022-04-03 19:48:00,64.5667,143.2,-10.77,98,65,2.42,broken clouds
546,Kadhan,PK,2022-04-03 19:48:01,24.481,68.9859,79.56,47,4,10.2,clear sky
547,Isiolo,KE,2022-04-03 19:48:01,0.3546,37.5822,72.0,56,87,5.79,overcast clouds
548,Qasigiannguit,GL,2022-04-03 19:48:01,68.8193,-51.1922,30.45,91,21,6.4,few clouds
549,Zalantun,CN,2022-04-03 19:48:02,48.0,122.7167,43.32,42,100,7.29,overcast clouds
550,The Pas,CA,2022-04-03 19:44:49,53.8251,-101.2541,37.42,52,100,9.22,overcast clouds
551,Hendersonville,US,2022-04-03 19:48:02,36.3048,-86.62,63.97,31,7,4.0,clear sky
552,Svobodnyy,RU,2022-04-03 19:49:03,51.4,128.1333,36.07,83,100,9.86,overcast clouds
553,Launceston,AU,2022-04-03 19:49:03,-41.45,147.1667,56.16,92,40,9.22,scattered clouds
554,Cabedelo,BR,2022-04-03 19:49:03,-6.9811,-34.8339,75.87,76,61,13.0,broken clouds
555,Berlevag,NO,2022-04-03 19:49:04,70.8578,29.0864,28.35,64,75,16.11,broken clouds
556,Ternate,ID,2022-04-03 19:49:04,0.8,127.4,79.75,79,93,3.8,overcast clouds
557,Khulo,GE,2022-04-03 19:49:04,41.644,42.3129,47.98,88,100,3.4,overcast clouds
558,Byron Bay,AU,2022-04-03 19:49:05,-28.65,153.6167,64.71,92,95,7.36,light rain
559,Mahibadhoo,MV,2022-04-03 19:49:05,3.7833,72.9667,82.6,69,15,1.95,few clouds
560,Sortavala,RU,2022-04-03 19:49:05,61.7053,30.6918,21.34,93,86,1.25,overcast clouds
561,Ajdabiya,LY,2022-04-03 19:49:06,30.7554,20.2263,78.64,14,2,10.74,clear sky
562,Ulvik,NO,2022-04-03 19:49:06,60.5672,6.9187,37.33,98,100,4.38,light rain
563,Botou,CN,2022-04-03 19:49:06,38.0667,116.5667,50.29,48,0,11.72,clear sky
564,Smolenka,RU,2022-04-03 19:49:07,52.1352,113.4974,17.67,67,96,0.0,overcast clouds
565,Sayyan,YE,2022-04-03 19:49:07,15.1718,44.3244,58.6,20,91,3.42,overcast clouds
566,Virginia Beach,US,2022-04-03 19:46:06,36.8529,-75.978,71.64,31,0,1.99,clear sky
567,Grand Gaube,MU,2022-04-03 19:49:07,-20.0064,57.6608,80.38,82,27,7.0,scattered clouds
568,Ratnagiri,IN,2022-04-03 19:45:32,16.9833,73.3,78.93,77,18,6.49,few clouds
569,Stromness,GB,2022-04-03 19:46:42,58.965,-3.296,48.16,91,100,20.0,light rain
570,Berezna,UA,2022-04-03 19:49:08,51.5716,31.7846,31.69,84,100,10.42,overcast clouds
571,Sakakah,SA,2022-04-03 19:49:08,29.9697,40.2064,78.37,11,6,8.41,clear sky
572,Balkhash,KZ,2022-04-03 19:49:09,46.844,74.9804,44.64,58,100,9.62,overcast clouds
573,Masunga,BW,2022-04-03 19:49:09,-20.6246,27.4488,68.92,60,8,6.29,clear sky
574,Pochutla,MX,2022-04-03 19:46:22,15.7432,-96.4661,90.82,34,5,9.13,clear sky
575,Port Hedland,AU,2022-04-03 19:46:52,-20.3167,118.5667,78.85,78,0,8.05,clear sky
576,Monino,RU,2022-04-03 19:49:10,55.8381,38.1944,29.71,93,100,5.7,overcast clouds
577,Taoudenni,ML,2022-04-03 19:49:10,22.6783,-3.9836,91.4,9,0,10.33,clear sky
578,Olden,NO,2022-04-03 19:49:10,61.8364,6.8064,36.34,98,100,3.29,light rain
579,Kurilsk,RU,2022-04-03 19:49:11,45.2333,147.8833,35.28,77,0,8.1,clear sky
580,Sandakan,MY,2022-04-03 19:49:11,5.8402,118.1179,76.68,94,20,3.44,few clouds
581,Savigny-Le-Temple,FR,2022-04-03 19:49:11,48.5667,2.5833,43.75,57,0,4.61,clear sky
582,Hervey Bay,AU,2022-04-03 19:49:12,-25.2986,152.8535,68.02,92,2,7.0,clear sky
583,Filingue,NE,2022-04-03 19:49:12,14.3521,3.3168,90.99,6,100,5.86,overcast clouds
584,Sebastian,US,2022-04-03 19:49:12,35.1668,-94.2669,74.08,44,17,9.24,few clouds
585,Djambala,CG,2022-04-03 19:49:13,-2.5447,14.7533,71.01,84,97,1.07,light rain
586,Helsingor,DK,2022-04-03 19:49:13,56.0361,12.6136,43.14,76,96,13.0,overcast clouds
587,Pierre,US,2022-04-03 19:45:05,44.3683,-100.351,52.86,50,100,21.99,overcast clouds
588,Mahon,ES,2022-04-03 19:49:14,39.8885,4.2658,46.96,61,0,14.97,clear sky
589,Cayenne,GF,2022-04-03 19:49:14,4.9333,-52.3333,82.44,1,40,10.36,scattered clouds
590,Sao Joao Da Barra,BR,2022-04-03 19:49:14,-21.6403,-41.0511,78.89,82,14,11.12,few clouds
591,Olafsvik,IS,2022-04-03 19:49:15,64.8945,-23.7142,36.0,93,100,17.45,overcast clouds
592,Espumoso,BR,2022-04-03 19:49:15,-28.7247,-52.8497,66.74,96,100,2.59,overcast clouds
593,Masuguru,TZ,2022-04-03 19:49:15,-11.3667,38.4167,72.88,96,43,2.73,scattered clouds
594,Kulhudhuffushi,MV,2022-04-03 19:49:16,6.6221,73.07,82.96,70,12,3.69,few clouds
595,Atambua,ID,2022-04-03 19:48:54,-9.1061,124.8925,71.01,85,22,2.66,few clouds
596,Dasoguz,TM,2022-04-03 19:49:16,41.8363,59.9666,64.35,34,0,11.5,clear sky
597,Chumikan,RU,2022-04-03 19:50:17,54.7183,135.315,26.17,96,100,13.2,light snow
598,Saint-Augustin,CA,2022-04-03 19:46:29,51.226,-58.6502,36.39,91,74,15.19,broken clouds
599,Borgarnes,IS,2022-04-03 19:50:17,64.5383,-21.9206,41.05,97,100,2.86,overcast clouds
600,Kupang,ID,2022-04-03 19:50:17,-10.1667,123.5833,76.3,85,37,0.83,scattered clouds
601,Merauke,ID,2022-04-03 19:50:18,-8.4667,140.3333,77.32,83,41,5.19,scattered clouds
602,Qujing,CN,2022-04-03 19:50:18,25.4833,103.7833,46.69,68,99,3.4,overcast clouds
603,Jiwani,PK,2022-04-03 19:50:18,25.05,61.7417,78.22,72,6,1.99,clear sky
604,Ponnani,IN,2022-04-03 19:50:19,10.767,75.9252,81.72,81,81,4.76,broken clouds
605,Hajipur,IN,2022-04-03 19:50:19,25.6833,85.2167,78.78,89,2,0.0,mist
606,Easton,US,2022-04-03 19:46:09,40.6884,-75.2207,50.72,82,100,7.0,overcast clouds
607,Husavik,IS,2022-04-03 19:47:45,66.0449,-17.3389,29.77,95,100,11.99,snow
608,Tasgaon,IN,2022-04-03 19:50:20,17.0333,74.6,80.82,56,94,9.04,overcast clouds
609,Cossato,IT,2022-04-03 19:50:20,45.5739,8.1817,46.36,66,61,1.19,broken clouds
610,Garowe,SO,2022-04-03 19:50:20,8.4054,48.4845,76.08,50,58,10.54,broken clouds
611,Kieta,PG,2022-04-03 19:50:21,-6.2167,155.6333,79.11,83,99,1.05,overcast clouds
612,Morondava,MG,2022-04-03 19:49:58,-20.2833,44.2833,81.57,68,29,9.28,scattered clouds
613,Jumla,NP,2022-04-03 19:50:21,29.2747,82.1838,46.09,49,28,4.36,scattered clouds
614,Kodinsk,RU,2022-04-03 19:50:21,58.6881,99.1844,2.57,99,84,2.26,broken clouds
615,Pushkinskiye Gory,RU,2022-04-03 19:50:22,57.0209,28.9103,26.64,85,94,4.47,overcast clouds
616,Korem,ET,2022-04-03 19:50:22,12.5058,39.5228,58.39,48,1,4.43,clear sky
617,Nola,IT,2022-04-03 19:50:22,40.922,14.5329,51.66,81,98,2.37,overcast clouds
618,Kharp,RU,2022-04-03 19:50:23,66.8014,65.8081,12.29,91,100,10.45,overcast clouds
619,Ugoofaaru,MV,2022-04-03 19:50:23,5.6667,73.0,82.81,69,8,2.62,clear sky
620,Tuatapere,NZ,2022-04-03 19:50:23,-46.1333,167.6833,46.99,92,87,3.44,overcast clouds
621,Neuquen,AR,2022-04-03 19:50:24,-38.9516,-68.0591,66.09,19,0,12.66,clear sky
622,Srivardhan,IN,2022-04-03 19:50:24,18.0333,73.0167,78.35,78,12,5.86,few clouds
623,Rubtsovsk,RU,2022-04-03 19:50:24,51.5,81.25,33.87,83,48,10.13,scattered clouds
624,Verkhnyaya Inta,RU,2022-04-03 19:50:25,65.9811,60.3094,22.14,75,100,18.84,overcast clouds
625,Havelock,US,2022-04-03 19:50:25,34.8791,-76.9013,75.18,35,0,16.11,clear sky
626,Kindu,CD,2022-04-03 19:50:25,-2.95,25.95,71.53,97,67,2.24,light rain
627,Catuday,PH,2022-04-03 19:50:26,16.2923,119.8062,77.77,72,61,8.79,broken clouds
628,Necochea,AR,2022-04-03 19:46:35,-38.5473,-58.7368,55.35,66,100,24.38,overcast clouds
629,Svetlogorsk,BY,2022-04-03 19:50:26,52.6333,29.7333,28.9,85,100,6.71,overcast clouds
630,Saint-Pierre,RE,2022-04-03 19:50:26,-21.3393,55.4781,74.88,94,100,9.22,overcast clouds
631,Stokmarknes,NO,2022-04-03 19:50:27,68.5646,14.9108,28.38,54,74,16.11,broken clouds
632,Pangobilian,PH,2022-04-03 19:50:27,8.8011,117.8594,78.96,84,100,7.18,overcast clouds
633,Camabatela,AO,2022-04-03 19:50:27,-8.1881,15.375,62.6,93,71,1.68,broken clouds
634,Poronaysk,RU,2022-04-03 19:50:28,49.2167,143.1167,39.99,62,17,12.26,few clouds
635,Pizarro,CO,2022-04-03 19:50:28,4.9533,-77.366,82.69,75,100,8.84,overcast clouds
636,Teyateyaneng,LS,2022-04-03 19:50:28,-29.1472,27.7489,56.68,85,100,6.4,light rain
637,Eureka,US,2022-04-03 19:50:29,40.8021,-124.1637,60.67,69,100,8.99,overcast clouds
638,Charlestown,AU,2022-04-03 19:50:29,-32.95,151.6667,64.69,72,12,5.01,few clouds
639,Burnie,AU,2022-04-03 19:50:29,-41.0667,145.9167,58.24,76,56,2.98,broken clouds
640,Kefamenanu,ID,2022-04-03 19:50:30,-9.4467,124.4781,68.41,90,11,2.33,few clouds
641,Mbeya,TZ,2022-04-03 19:50:30,-8.9,33.45,61.14,87,100,4.32,overcast clouds
642,Gizo,SB,2022-04-03 19:48:29,-8.103,156.8419,82.2,76,100,8.43,overcast clouds
643,Kiama,AU,2022-04-03 19:50:30,-34.6833,150.8667,62.08,74,0,1.99,clear sky
644,Chhuikhadan,IN,2022-04-03 19:50:31,21.5333,80.9833,84.02,16,3,4.47,clear sky
645,Muli,MV,2022-04-03 19:51:31,2.9167,73.5667,82.74,63,4,1.72,clear sky
646,Mangan,IN,2022-04-03 19:51:32,27.5167,88.5333,70.09,79,100,2.57,overcast clouds
647,Qiqihar,CN,2022-04-03 19:51:32,47.3408,123.9672,45.64,37,18,6.76,few clouds
648,Tezu,IN,2022-04-03 19:51:32,27.9167,96.1667,66.15,96,100,4.65,overcast clouds
649,Nara,JP,2022-04-03 19:49:25,34.6851,135.8049,49.96,67,71,4.63,broken clouds
650,Agaro,ET,2022-04-03 19:51:33,7.85,36.65,67.37,66,100,3.29,light rain
651,Chipinge,ZW,2022-04-03 19:51:33,-20.1883,32.6236,63.73,93,26,5.61,scattered clouds
652,Mantua,IT,2022-04-03 19:51:33,45.1667,10.7833,47.44,79,86,3.0,overcast clouds
653,Chapais,CA,2022-04-03 19:51:34,49.7834,-74.8492,38.98,85,100,5.99,overcast clouds
654,Yumen,CN,2022-04-03 19:51:34,40.2833,97.2,47.28,23,6,12.1,clear sky
655,Nushki,PK,2022-04-03 19:51:34,29.5542,66.0215,71.46,8,7,5.41,clear sky
656,Puerto Carreno,CO,2022-04-03 19:49:11,6.189,-67.4859,94.98,46,40,5.75,scattered clouds
657,Rehburg-Loccum,DE,2022-04-03 19:51:35,52.4667,9.2,39.31,70,20,8.05,few clouds
658,Sembakung,ID,2022-04-03 19:51:35,3.8167,117.25,73.22,99,77,0.25,broken clouds
659,Hambantota,LK,2022-04-03 19:51:35,6.1241,81.1185,78.1,83,14,1.81,few clouds
660,Batemans Bay,AU,2022-04-03 19:50:19,-35.7167,150.1833,63.1,62,100,6.31,light rain
661,Kayes,ML,2022-04-03 19:51:36,14.0,-11.0,95.56,12,100,9.19,overcast clouds
662,Dargaville,NZ,2022-04-03 19:51:36,-35.9333,173.8833,63.32,89,7,1.99,clear sky
663,Hastings,GB,2022-04-03 19:51:36,50.8552,0.5729,45.52,63,59,10.18,broken clouds
664,Micheweni,TZ,2022-04-03 19:51:37,-4.9667,39.8333,82.24,77,33,7.74,scattered clouds
665,Havre,FR,2022-04-03 19:51:27,49.5833,0.3333,37.17,75,0,6.91,clear sky
666,Xiangxiang,CN,2022-04-03 19:51:37,27.7333,112.5333,55.53,76,97,2.1,overcast clouds
667,Yeppoon,AU,2022-04-03 19:51:37,-23.1333,150.7333,69.58,75,64,8.57,broken clouds
668,Winnemucca,US,2022-04-03 19:51:38,40.973,-117.7357,57.25,19,0,4.61,clear sky
669,Volchikha,RU,2022-04-03 19:48:42,52.0333,80.3833,34.57,88,96,6.53,overcast clouds
670,Rawlins,US,2022-04-03 19:49:22,41.7911,-107.2387,48.34,17,0,12.66,clear sky
671,Teshie,GH,2022-04-03 19:51:38,5.5836,-0.1072,84.76,84,20,16.11,few clouds
672,Praxedis Guerrero,MX,2022-04-03 19:51:38,31.3667,-106.0167,81.07,8,96,10.31,overcast clouds
673,Brainerd,US,2022-04-03 19:47:48,46.358,-94.2008,39.22,48,75,4.61,broken clouds
674,Portland,US,2022-04-03 19:47:45,45.5234,-122.6762,55.63,66,100,10.0,overcast clouds
675,Urumqi,CN,2022-04-03 19:51:39,43.801,87.6005,50.95,40,0,6.71,clear sky
676,Maldonado,UY,2022-04-03 19:51:39,-34.6667,-54.9167,74.59,56,70,12.86,broken clouds
677,Scarborough,GB,2022-04-03 19:51:36,54.2797,-0.4044,44.65,75,100,5.99,light rain
678,Vieques,PR,2022-04-03 19:51:40,18.425,-65.8329,85.84,61,75,5.75,broken clouds
679,Kitami,JP,2022-04-03 19:51:40,43.8031,143.8908,31.19,79,3,6.31,clear sky
680,Santa Rosa,PH,2022-04-03 19:51:40,14.3122,121.1114,80.02,74,86,10.38,overcast clouds
681,Katherine,AU,2022-04-03 19:51:41,-14.4667,132.2667,75.52,64,39,4.61,scattered clouds
682,Port Keats,AU,2022-04-03 19:51:41,-14.25,129.55,78.85,70,9,3.2,clear sky
683,Aripuana,BR,2022-04-03 19:51:41,-9.1667,-60.6333,83.07,75,96,1.16,overcast clouds
684,Kishapu,TZ,2022-04-03 19:51:42,-3.6167,33.8667,69.12,75,100,5.91,overcast clouds
685,Liku,ID,2022-04-03 19:51:42,-0.7275,119.8922,75.11,92,100,1.79,overcast clouds
686,Ikalamavony,MG,2022-04-03 19:51:42,-21.15,46.5833,63.1,69,0,5.46,clear sky
687,Stephenville,US,2022-04-03 19:51:43,32.2207,-98.2023,85.15,28,0,13.8,clear sky
688,Charneca De Caparica,PT,2022-04-03 19:46:47,38.6206,-9.1915,56.86,49,20,16.11,few clouds
